id,data_analise,comitente,modalidade,uf,cidade,bairro,tipo,area_m2,matricula,valor_avaliacao,lance_minimo,vvr,cta_no_minimo,lance_maximo,margem_projetada,score,ocupacao,debitos_declarados,data_certame,plataforma,link_edital,status,motivo_descarte,resultado,valor_arrematado,arrematante
144441088173-5,2026-10-09,CAIXA,Leilão SFI,SC,PALHOCA,PAGANI,NV,NV,NV,550500.0,330300.0,NV,NV,NV,NV,NV,OCUPADO,NV,NV,NV,https://venda-imoveis.caixa.gov.br/sistema/detalhe-imovel.asp?hdnimovel=01444410881735,DESCARTADO,fora_do_bairro,NV,NV,NV
878770561220-5,2026-10-09,CAIXA,Leilão SFI,SC,PALHOCA,BELA VISTA,NV,NV,NV,252000.0,151200.0,NV,NV,NV,NV,NV,OCUPADO,NV,NV,NV,https://venda-imoveis.caixa.gov.br/sistema/detalhe-imovel.asp?hdnimovel=08787705612205,TRIAGEM,,NV,NV,NV
878770638651-9,2026-10-09,CAIXA,Leilão SFI,SC,PALHOCA,BELA VISTA,NV,NV,NV,252000.0,151200.0,NV,NV,NV,NV,NV,OCUPADO,NV,NV,NV,https://venda-imoveis.caixa.gov.br/sistema/detalhe-imovel.asp?hdnimovel=08787706386519,TRIAGEM,,NV,NV,NV
878771159497-3,2026-10-09,CAIXA,Leilão SFI,SC,PALHOCA,PRAIA DE FORA,NV,NV,NV,280000.0,168000.0,NV,NV,NV,NV,NV,OCUPADO,NV,NV,NV,https://venda-imoveis.caixa.gov.br/sistema/detalhe-imovel.asp?hdnimovel=08787711594973,DESCARTADO,fora_do_bairro,NV,NV,NV
878771176139-0,2026-10-09,CAIXA,Leilão SFI,SC,PALHOCA,BELA VISTA,NV,NV,NV,255000.0,153000.0,NV,NV,NV,NV,NV,OCUPADO,NV,NV,NV,https://venda-imoveis.caixa.gov.br/sistema/detalhe-imovel.asp?hdnimovel=08787711761390,TRIAGEM,,NV,NV,NV
878771588251-5,2026-10-09,CAIXA,Leilão SFI,SC,PALHOCA,BELA VISTA,NV,NV,NV,258000.0,168932.94,NV,NV,NV,NV,NV,OCUPADO,NV,NV,NV,https://venda-imoveis.caixa.gov.br/sistema/detalhe-imovel.asp?hdnimovel=08787715882515,TRIAGEM,,NV,NV,NV
144441718579-3,2026-10-09,CAIXA,Leilão SFI,SC,SAO_JOSE,SERTAO DO MARUIM,NV,NV,NV,1330000.0,798000.0,NV,NV,NV,NV,NV,OCUPADO,NV,NV,NV,https://venda-imoveis.caixa.gov.br/sistema/detalhe-imovel.asp?hdnimovel=01444417185793,DESCARTADO,fora_da_cidade;fora_do_bairro,NV,NV,NV
144441762824-5,2026-10-09,CAIXA,Leilão SFI,SC,SAO_JOSE,FORQUILHINHA,NV,NV,NV,305000.0,185854.53,NV,NV,NV,NV,NV,OCUPADO,NV,NV,NV,https://venda-imoveis.caixa.gov.br/sistema/detalhe-imovel.asp?hdnimovel=01444417628245,DESCARTADO,fora_da_cidade;fora_do_bairro,NV,NV,NV
844441577446-3,2026-10-09,CAIXA,Leilão SFI,SC,SAO_JOSE,FORQUILHAS LESTE,NV,NV,NV,337000.0,202200.0,NV,NV,NV,NV,NV,OCUPADO,NV,NV,NV,https://venda-imoveis.caixa.gov.br/sistema/detalhe-imovel.asp?hdnimovel=08444415774463,DESCARTADO,fora_da_cidade;fora_do_bairro,NV,NV,NV
855550750226-7,2026-10-09,CAIXA,Leilão SFI,SC,SAO_JOSE,FORQUILHINHA,NV,NV,NV,325000.0,195000.0,NV,NV,NV,NV,NV,OCUPADO,NV,NV,NV,https://venda-imoveis.caixa.gov.br/sistema/detalhe-imovel.asp?hdnimovel=08555507502267,DESCARTADO,fora_da_cidade;fora_do_bairro,NV,NV,NV
855553340804-3,2026-10-09,CAIXA,Leilão SFI,SC,SAO_JOSE,REAL PARQUE,NV,NV,NV,305000.0,183000.0,NV,NV,NV,NV,NV,OCUPADO,NV,NV,NV,https://venda-imoveis.caixa.gov.br/sistema/detalhe-imovel.asp?hdnimovel=08555533408043,DESCARTADO,fora_da_cidade;fora_do_bairro,NV,NV,NV
855553592682-3,2026-10-09,CAIXA,Leilão SFI,SC,SAO_JOSE,FORQUILHAS LESTE,NV,NV,NV,265000.0,159000.0,NV,NV,NV,NV,NV,OCUPADO,NV,NV,NV,https://venda-imoveis.caixa.gov.br/sistema/detalhe-imovel.asp?hdnimovel=08555535926823,DESCARTADO,fora_da_cidade;fora_do_bairro,NV,NV,NV
878771222509-2,2026-10-09,CAIXA,Leilão SFI,SC,SAO_JOSE,AREIAS,NV,NV,NV,250000.0,154256.96,NV,NV,NV,NV,NV,OCUPADO,NV,NV,NV,https://venda-imoveis.caixa.gov.br/sistema/detalhe-imovel.asp?hdnimovel=08787712225092,DESCARTADO,fora_da_cidade;fora_do_bairro,NV,NV,NV
878771317103-4,2026-10-09,CAIXA,Leilão SFI,SC,SAO_JOSE,SERTAO DO MARUIM,NV,NV,NV,250000.0,152483.93,NV,NV,NV,NV,NV,OCUPADO,NV,NV,NV,https://venda-imoveis.caixa.gov.br/sistema/detalhe-imovel.asp?hdnimovel=08787713171034,DESCARTADO,fora_da_cidade;fora_do_bairro,NV,NV,NV
878771529055-3,2026-10-09,CAIXA,Leilão SFI,SC,SAO_JOSE,SERTAO DO MARUIM,NV,NV,NV,285000.0,199679.4,NV,NV,NV,NV,NV,OCUPADO,NV,NV,NV,https://venda-imoveis.caixa.gov.br/sistema/detalhe-imovel.asp?hdnimovel=08787715290553,DESCARTADO,fora_da_cidade;fora_do_bairro,NV,NV,NV
000001028634-4,2026-10-09,CAIXA,Venda Online,SC,FLORIANOPOLIS,ESTREITO,NV,NV,NV,3035000.0,1934248.9,NV,NV,NV,NV,NV,OCUPADO,NV,NV,NV,https://venda-imoveis.caixa.gov.br/sistema/detalhe-imovel.asp?hdnimovel=00000010286344,DESCARTADO,fora_da_cidade;fora_do_bairro,NV,NV,NV
144440299841-6,2026-10-09,CAIXA,Venda Online,SC,FLORIANOPOLIS,CENTRO,NV,NV,NV,1270000.0,809389.16,NV,NV,NV,NV,NV,OCUPADO,NV,NV,NV,https://venda-imoveis.caixa.gov.br/sistema/detalhe-imovel.asp?hdnimovel=01444402998416,DESCARTADO,fora_da_cidade;fora_do_bairro,NV,NV,NV
144442282177-5,2026-10-09,CAIXA,Licitação Aberta,SC,FLORIANOPOLIS,ESTREITO,NV,NV,NV,783000.0,499017.1,NV,NV,NV,NV,NV,OCUPADO,NV,NV,NV,https://venda-imoveis.caixa.gov.br/sistema/detalhe-imovel.asp?hdnimovel=01444422821775,DESCARTADO,fora_da_cidade;fora_do_bairro,NV,NV,NV
810110001631-4,2026-10-09,CAIXA,Leilão SFI,SC,FLORIANOPOLIS,CORREGO GRANDE,NV,NV,NV,800000.0,480000.0,NV,NV,NV,NV,NV,OCUPADO,NV,NV,NV,https://venda-imoveis.caixa.gov.br/sistema/detalhe-imovel.asp?hdnimovel=08101100016314,DESCARTADO,fora_da_cidade;fora_do_bairro,NV,NV,NV
