data_saida;id;cidade;bairro;endereco;tipo;area_privativa;valor_avaliacao;ultimo_preco;modalidade;situacao;datas_certame;edital;observacao
19/09/2026;855551517677-2;SAO_JOSE;ROCADO;RUA R ATAULFO ALVES,N. 85 APTO. 102 TIPO D - 1º PAVIMENTO, VG 21, ROCADO - CEP: 88108-220, SAO JOSE - SANTA CATARINA;Apartamento;62,93m2;465.000,00;279.000,00;Leilão SFI;Ocupado;14/09/2026 / 18/09/2026;0042/0226 - CPA/RE;"saiu da lista do portal; causa nao declarada pela fonte"
19/09/2026;878771560417-5;SAO_JOSE;SERTAO DO MARUIM;RUA CELSO JOSE KUERTEN,N. 18 APTO. 103 BL 02 TERREO, SERTAO DO MARUIM - CEP: 88122-135, SAO JOSE - SANTA CATARINA;Apartamento;45,89m2;230.000,00;152.002,30;Leilão SFI;Ocupado;14/09/2026 / 18/09/2026;0042/0226 - CPA/RE;"saiu da lista do portal; causa nao declarada pela fonte"
25/09/2026;144442332474-0;SAO_JOSE;POTECAS;RUA HELMUTH FETT,N. 254 CASA 03, POTECAS - CEP: 88119-368, SAO JOSE - SANTA CATARINA;Casa;71,43m2;360.000,00;337.393,03;Leilão SFI;Ocupado;18/09/2026 / 24/09/2026;0043/0226 - CPA/RE;"saiu da lista do portal; causa nao declarada pela fonte"
25/09/2026;855553476258-4;SAO_JOSE;REAL PARQUE;RUA ALMERINDA FRANCISCO DOS SANTOS,N. 176 APTO. 405 BLOCO B, REAL PARQUE - CEP: 88113-487, SAO JOSE - SANTA CATARINA;Apartamento;60,28m2;296.000,00;177.600,00;Leilão SFI;Ocupado;18/09/2026 / 24/09/2026;0043/0226 - CPA/RE;"saiu da lista do portal; causa nao declarada pela fonte"
25/09/2026;878771288948-9;SAO_JOSE;FORQUILHAS LESTE;RUA VIDAL VICENTE ANDRADE,N. 1171 APTO. 104 BLOCO 04 VAGA 189, FORQUILHAS LESTE - CEP: 88107-001, SAO JOSE - SANTA CATARINA;Apartamento;40,28m2;260.000,00;156.000,00;Leilão SFI;Ocupado;18/09/2026 / 24/09/2026;0043/0226 - CPA/RE;"saiu da lista do portal; causa nao declarada pela fonte"
29/09/2026;878770360836-7;PALHOCA;BELA VISTA;RUA SEBASTIAO ALZEMIRO DOS SANTOS,N. 347 APTO. 104 BL 11, BELA VISTA - CEP: 88137-640, PALHOCA - SANTA CATARINA;Apartamento;45,61m2;240.000,00;144.000,00;Leilão SFI;Ocupado;08/10/2026 / 15/10/2026;0047/0226 - CPA/RE;"saiu da lista do portal; causa nao declarada pela fonte"
30/09/2026;844442822457-2;SAO_JOSE;REAL PARQUE;RUA ALMERINDA FRANCISCO DOS SANTOS,N. 19 APTO. 32 BL 5 VG 02 DEPÓSITO 02, REAL PARQUE - CEP: 88113-487, SAO JOSE - SANTA CATARINA;Apartamento;57,22m2;256.500,00;157.056,10;Licitação Aberta;Ocupado;29/09/2026;0031/0326 - CPVE/RE;"saiu da lista do portal; causa nao declarada pela fonte"
02/10/2026;000001028634-4;FLORIANOPOLIS;ESTREITO;AVENIDA GOVERNADOR IVO SILVEIRA,N. 2487, ESTREITO - CEP: 88085-001, FLORIANOPOLIS - SANTA CATARINA;Comercial;577,10m2;3.035.000,00;1.934.248,90;Venda Online;Ocupado;;;"RETRATADO: reapareceu na lista em 03/10/2026 — a ausencia de 02/10 era indisponibilidade da fonte, nao saida. Nao contar como saida."
03/10/2026;144441764402-0;PALHOCA;CENTRO;RUA EMELINE MATILDES CRISEMANN SCHEIDT,N. 257 APTO. 704 9 PAV, 13, CENTRO - CEP: 88130-290, PALHOCA - SANTA CATARINA;Apartamento;72,45m2;580.000,00;477.998,55;Leilão SFI;Ocupado;28/09/2026 / 02/10/2026;0044/0226 - CPA/RE;"saiu da lista do portal; causa nao declarada pela fonte"
03/10/2026;878771586575-0;PALHOCA;LOT PQ VALE VERDE;AVENIDA PAULO ROBERTO VIDAL,N. 2050 APTO. 102 1 PAV BL 12 LT 1 A 18 QD B1 VG 233, LOT PQ VALE VERDE - CEP: 88132-599, PALHOCA - SANTA CATARINA;Apartamento;43,80m2;223.000,00;133.800,00;Leilão SFI;Ocupado;28/09/2026 / 02/10/2026;0044/0226 - CPA/RE;"saiu da lista do portal; causa nao declarada pela fonte"
03/10/2026;000001018127-9;SAO_JOSE;KOBRASOL;AVENIDA LEDIO JOAO MARTINS,N. 554 SL 106 ED DOM ALEXANDRE, KOBRASOL - CEP: 88101-100, SAO JOSE - SANTA CATARINA;Sala;33,30m2;250.000,00;395.960,11;Leilão SFI;Ocupado;28/09/2026 / 02/10/2026;0044/0226 - CPA/RE;"saiu da lista do portal; causa nao declarada pela fonte"
03/10/2026;844440736266-6;SAO_JOSE;SERRARIA;RUA WENCESLAU EVARISTO SILVA,N. 31 APTO. 105 BL EMILIA, SERRARIA - CEP: 88115-200, SAO JOSE - SANTA CATARINA;Apartamento;46,52m2;240.000,00;144.000,00;Leilão SFI;Ocupado;28/09/2026 / 02/10/2026;0044/0226 - CPA/RE;"saiu da lista do portal; causa nao declarada pela fonte"
03/10/2026;160000012143-0;FLORIANOPOLIS;JOAO PAULO;RUA VERGILIO PONCIANO,N. 133 LT 15, JOAO PAULO - CEP: 88030-680, FLORIANOPOLIS - SANTA CATARINA;Casa;274,96m2;3.120.000,00;1.872.000,00;Leilão SFI;Ocupado;05/10/2026 / 09/10/2026;0046/0226 - CPA/RE;"saiu da lista do portal; causa nao declarada pela fonte"
09/10/2026;878771537674-1;PALHOCA;SAO SEBASTIAO;RUA RAULINO MARTINHO DIAS,N. 29 APTO. AP 304 BL 06, SAO SEBASTIAO - CEP: 88136-351, PALHOCA - SANTA CATARINA;Apartamento;52,85m2;310.000,00;186.000,00;Leilão SFI;Ocupado;02/10/2026 / 08/10/2026;0045/0226 - CPA/RE;"saiu da lista do portal; ausente desde 09/10/2026, confirmado em duas rodadas consecutivas; causa nao declarada pela fonte"
